T,forward,strike,log_moneyness,call_price,true_iv
0.1,100.3004504503377,75.0,-0.2906820724517809,25.294858316425113,0.4274919019819823
0.1,100.3004504503377,80.0,-0.22614355131420974,20.372070242941412,0.3918216933532295
0.1,100.3004504503377,85.0,-0.16551892949777489,15.587745225838388,0.35532091300642277
0.1,100.3004504503377,90.0,-0.1083605156578264,10.9633953890174,0.31756334295173144
0.1,100.3004504503377,95.0,-0.05429329438755063,6.65876347137533,0.27818917248313574
0.1,100.3004504503377,100.0,-0.003000000000000087,3.123041327135152,0.23745108474755292
0.1,100.3004504503377,105.0,0.045790164169432025,0.8756832894134017,0.19863270476211187
0.1,100.3004504503377,110.0,0.09231017980432489,0.1004663745654189,0.17211060042385742
0.1,100.3004504503377,115.0,0.13676194237515873,0.006717212073962525,0.163396491118242
0.1,100.3004504503377,120.0,0.17932155679395465,1e-06,0.16450937549074046
0.1,100.3004504503377,125.0,0.2201435513142098,0.013216658807162102,0.1692492025095712
0.25,100.75281954445339,75.0,-0.29518207245178085,25.988769682950792,0.3787076860896869
0.25,100.75281954445339,80.0,-0.23064355131420963,21.301349017654594,0.3528266692198116
0.25,100.75281954445339,85.0,-0.17001892949777486,16.807867228985486,0.3269327565386726
0.25,100.75281954445339,90.0,-0.11286051565782619,12.5414699662185,0.3009275196802068
0.25,100.75281954445339,95.0,-0.05879329438755049,8.642003630689716,0.27481698261511317
0.25,100.75281954445339,100.0,-0.007499999999999902,5.3303209607403215,0.24885617312955904
0.25,100.75281954445339,105.0,0.04129016416943204,2.7413641850850303,0.22386762800701587
0.25,100.75281954445339,110.0,0.08781017980432494,1.12868915130434,0.2017016434674107
0.25,100.75281954445339,115.0,0.13226194237515884,0.33816667781998766,0.18499790344035363
0.25,100.75281954445339,120.0,0.1748215567939546,0.0790112286784938,0.1751086041108565
0.25,100.75281954445339,125.0,0.21564355131420979,0.007430266364188219,0.17082716608514992
0.5,101.51130646157189,75.0,-0.3026820724517808,27.331110552389756,0.35554234685563657
0.5,101.51130646157189,80.0,-0.23814355131420967,22.928023221400622,0.3358447010087615
0.5,101.51130646157189,85.0,-0.1775189294977748,18.74084832238977,0.31647835950744724
0.5,101.51130646157189,90.0,-0.1203605156578262,14.81740897498428,0.29741640352477017
0.5,101.51130646157189,95.0,-0.06629329438755044,11.236667928210359,0.2786871753526599
0.5,101.51130646157189,100.0,-0.014999999999999902,8.054881910254208,0.26040506335070923
0.5,101.51130646157189,105.0,0.033790164169432105,5.380715620316097,0.2428178277115228
0.5,101.51130646157189,110.0,0.08031017980432496,3.2877879442701423,0.22636041848615876
0.5,101.51130646157189,115.0,0.1247619423751588,1.8333165339444288,0.21166599272178302
0.5,101.51130646157189,120.0,0.16732155679395472,0.8767468074822524,0.1994357122639222
0.5,101.51130646157189,125.0,0.20814355131420986,0.38310025313214957,0.1901360616897306
1.0,103.0454533953517,75.0,-0.31768207245178115,30.035587684287176,0.3455609176888804
1.0,103.0454533953517,80.0,-0.25314355131420985,26.073753801822605,0.33103924546999713
1.0,103.0454533953517,85.0,-0.19251892949777508,22.29488510610153,0.3169846388338413
1.0,103.0454533953517,90.0,-0.1353605156578265,18.716984964556378,0.3033734322787746
1.0,103.0454533953517,95.0,-0.08129329438755063,15.406625736567767,0.2902031735124828
1.0,103.0454533953517,100.0,-0.030000000000000138,12.400379040912213,0.27749494099448685
1.0,103.0454533953517,105.0,0.01879016416943183,9.740840643786358,0.26529639087067297
1.0,103.0454533953517,110.0,0.06531017980432466,7.4126087149628574,0.25368439395462017
1.0,103.0454533953517,115.0,0.10976194237515847,5.4501489007507775,0.24276511776650472
1.0,103.0454533953517,120.0,0.15232155679395457,3.8464976216082345,0.23266833382138363
1.0,103.0454533953517,125.0,0.19314355131420965,2.6332907223613446,0.2235327013972527
2.0,106.18365465453596,75.0,-0.3476820724517808,34.9115980148848,0.3422922218275471
2.0,106.18365465453596,80.0,-0.28314355131420965,31.402754300831326,0.33203360406623106
2.0,106.18365465453596,85.0,-0.22251892949777485,28.068333012350553,0.32222075677137285
2.0,106.18365465453596,90.0,-0.16536051565782625,24.891606747836903,0.3128212985603186
2.0,106.18365465453596,95.0,-0.1112932943875505,21.919097513712433,0.3038116895015763
2.0,106.18365465453596,100.0,-0.05999999999999999,19.12783846293995,0.2951760210561843
2.0,106.18365465453596,105.0,-0.01120983583056789,16.554644897503806,0.2869050745514553
2.0,106.18365465453596,110.0,0.035310179804324944,14.195469310988086,0.2789955175583872
2.0,106.18365465453596,115.0,0.07976194237515866,12.016524796076771,0.27144912622469763
2.0,106.18365465453596,120.0,0.12232155679395468,10.10450994200517,0.2642719354481682
2.0,106.18365465453596,125.0,0.16314355131420988,8.390495391379144,0.25747323615369105
